1;RuralHack;Incubatore;http://www.ruralhack.org  ;"progetto di ricerca/azione che indaga sia gli aspetti culturali che quelli tecnologici del rapporto tra innovazione e agricoltura con lo scopo di generare nuove logiche di consumo legate a principi etici e condivisi, abbandonando lo sfruttamento delle risorse e la logica dei brevetti chiusi
";Napoli;Campania;Agricoltura;si, la usa, si, la fornisce;Elaborazione Linguaggio Naturale, Robotica/Sistemi Autonomi;Utilizzo;Utilizzo;Fornisco;Utilizzo;;;;Utilizzo, Fornisco;Utilizzo, Fornisco;;;Human Ecosystem;Università Federico II - Napoli;Università degli Studi di Salerno;Nesta;Oxford;Non saprei;;;;;;;
2;Userbot;Azienda;https://userbot.ai;Intelligenza Artificiale e NLP per il Customer Service;Milano;Lombardia;Customer Service;si, la usa, si, la fornisce;Elaborazione Linguaggio Naturale, Machine/Deep Learning, Sistemi Esperti, Chatbot;;;;;;;;;;;;Metaliquid;Big Profiles;Unfraud;Metaliquid;Big Profiles;Unfraud;;;;;;;
3;Gear;Azienda;http://www.gear.it;Azienda specializzata nel software di gestione e manipolazione di documenti digitali su piattaforme web/mobili/desktop facente parte dell'associazione PDF/A.;Reggio Emilia;Emilia-Romagna;Software per document management;si, la usa;Elaborazione Linguaggio Naturale, Chatbot;Utilizzo;;;;;;;;;;Fornisco;Google;Elettric80;Università Ca' Foscari CISET;Google;Elettric80;Università Ca' Foscari CISET;;;;;;;
4;CINECA;Azienda;https://www.cineca.it/;Cineca è un Consorzio Interuniversitario senza scopo di lucro formato da 70 università* italiane, 8 Enti di Ricerca Nazionali e il MIUR.;Bologna, Milano, Roma;Emilia-Romagna, Lombardia, Lazio;Educazione, Industria di precisione, Pubblica amministrazione centrale, Pubblica amministrazione territoriale (regionale e locale), Ricerca Applicata / Statistica, Robotica, Salute, Sicurezza / Cybersecurity, Smart-Cities;si, la fornisce;Computer Vision, Elaborazione Linguaggio Naturale, Machine/Deep Learning, Sistemi Esperti, Chatbot;Fornisco;;Fornisco;;Fornisco;;Fornisco;;;;;IBM;Università di Bologna;Università Bocconi;Governo Italiano;MIUR;IIT;;;;;;;
5;Xteam SW;Startup;http://www.xteamsoftware.com;Startup che si occupa di sviluppo / ricerca in progetti europei nel settore sanitario, ambientale, smart cities;Rovigo;Veneto;Ambiente, Agricoltura, Educazione, Ricerca Applicata / Statistica, Salute, Smart-Cities;si, la usa, si, la fornisce;Computer Vision, Elaborazione Linguaggio Naturale, Machine/Deep Learning;Utilizzo, Fornisco;Utilizzo, Fornisco;;;Utilizzo, Fornisco;Utilizzo;;Utilizzo, Fornisco;Utilizzo;;Fornisco;IBM;Central Institute of Mental Health;ICCS Athen;Google;Imperial College London;Cineca;;;;;;;
6;Competitoor;Azienda;https://competitoor.com;La soluzione b2b di price intelligence che usa l'IA per riconoscere e confrontare i prezzi dei prodotti online ;Carpi;Emilia-Romagna;Pubblicità / Marketing, Ecommerce ;si, la usa;Machine/Deep Learning;Utilizzo;;;;;;;;;;;Dynamitick ;Awhay;Waterdata;Netcomm ;Gestpay banca sella;Transactionale;;;;;;;
7;Centro Piaggio UniPI;Centro di Ricerca;http://www.centropiaggio.unipi.it;Centro di ricerca di bioingegneria e robitica;Pisa;Toscana;Robotica;si, la usa, si, la fornisce;Machine/Deep Learning, Robotica/Sistemi Autonomi;;;;;;;;;;;;Non sono coinvolto;Non sono coinvolto;Non sono coinvolto;Non sono coinvolto;Non sono coinvolto;Non sono coinvolto;;;;;;;
8;Bozzoole;Azienda;http://www.buzzoole.com;Buzzoole è la più avanzata tecnologia in campo di Intelligenza Artificiale applicata al mondo dell'Influencer Marketing. Si chiama GAIIA (Growing Artificial Intelligence for Influencers Affinity) ed è in grado di individuare il massimo grado di affinità tra Brand e Influencer;Napoli;Campania;Pubblicità / Marketing;si, la fornisce;Elaborazione Linguaggio Naturale, Machine/Deep Learning;Utilizzo, Fornisco;;Utilizzo;;;;;;;;Utilizzo, Fornisco;Nvidia;Netflix;Uber;Facebook;Microsoft;IBM;;;;;;;
9;Dentsu Aegis;Azienda;http://www.dentsuaegisnetwork.it/;Dentsu Aegis Network è uno dei maggiori gruppi operanti nel mercato della comunicazione integrata e offre le migliori expertise per quanto riguarda il media, il digital, la gestione dei big data e i servizi di creatività.;Milano;Lombardia;Pubblicità / Marketing;si, la usa, si, la fornisce;Elaborazione Linguaggio Naturale, Machine/Deep Learning, Chatbot, Cognitive Cybersecurity;;;;;;;;;;;Fornisco;ADmantX srl;Expert System spa;Ibm spa;Nd;Nd;Nd;;;;;;;
10;Ermes Security;Azienda;https://www.ermessecurity.com;Ermes Cyber Security (video presso https://vimeo.com/233278387) utilizza algoritmi brevettati basati su intelligenza artificiale e big data per protegge le aziende dalla perdita di dati dovuta agli algoritmi di tracciamento sul Web.;Torino;Piemonte;Sicurezza / Cybersecurity;si, la usa, si, la fornisce;Machine/Deep Learning;;;;Utilizzo, Fornisco;;;Utilizzo, Fornisco;;;;;Politecnico di Torino;Politecnico di Milano;CNR;Awhy;Elif Lab;Namu;;;;;;;
11;DTOKlab;Startup;http://www.dtoklab.com;DtoK Lab è una startup dell'Università della Calabria che si occupa di sviluppare soluzioni software e servizi di data analysis e machine learning in ambiente cloud.;Rende (CS);Calabria;Ricerca Applicata / Statistica, Smart-Cities, Social media communication;si, la fornisce;Machine/Deep Learning, Data mining services;;;Fornisco;;;;;;Fornisco;;Fornisco;TIM;Alkemy Tech;Università della Calabria;Università di Pisa;Huawei;Altilia;;;;;;;
12;Almawave;Azienda;http://www.almawave.it;Almawave è uno dei principali player italiani a vocazione internazionale nel settore Intelligenza Artificiale, Big Data e Customer Experience. L’azienda nasce nel 2008 con l’obiettivo di realizzare soluzioni innovative, facili da usare e basate sul paradigma del linguaggio naturale.;Roma;Lazio;Agricoltura, Pubblica amministrazione centrale, Pubblica amministrazione territoriale (regionale e locale), Sicurezza / Cybersecurity, Smart-Cities;si, la usa, si, la fornisce;Elaborazione Linguaggio Naturale, Machine/Deep Learning, Sistemi Esperti, Chatbot, Cognitive Cybersecurity;;;;Fornisco;;;;;;;;CNR;Link IT;Per Voice;AGID;Ministero della Salute;Ministero dell'Interno;;;;;;;
13;Livetech;Azienda;http://www.ilivetech.it;Nata da ricercatori universitari esperti nel mondo dell’intelligenza artificiale e da consulenti aziendali, è specializzata nell’analisi di informazioni complesse.;Rende, Roma, Milano;Calabria, Lazio, Lombardia;Economia e Finanza / Fintech /Assicurazioni, Energia, Pubblica amministrazione centrale, Pubblicità / Marketing, Robotica, Sicurezza / Cybersecurity;si, la usa, si, la fornisce;Elaborazione Linguaggio Naturale, Machine/Deep Learning, Recommender Systems, Robotica/Sistemi Autonomi, Sistemi Esperti, Chatbot, Cognitive Cybersecurity, Sistemi di data mapping automatici;;;Utilizzo, Fornisco;Utilizzo, Fornisco;;;;;;;Utilizzo, Fornisco;Big Profiles;Indigo;Neoassurance;Big Profiles;Poste;Enel;;;;;;;
14;Kellify;Startup;http://kellify.com/;Assistente di Intelligenza Artificiale per i settori FinTech, Commodity Trading e Sports Betting.;Genova;Liguria;Economia e Finanza / Fintech /Assicurazioni;si, la usa, si, la fornisce;Machine/Deep Learning;;;Utilizzo, Fornisco;;;;;;;;Utilizzo, Fornisco;Centrally S.p.A.;Nextage srl;PWC;Saipem;ENI;Banca Sella;;;;;;;
15;All Industries;Startup;http://www.allindustries.it/;All Industries e? la prima startup italiana dedicata allo sviluppo e implementazione di chatbot: assistenti personali capaci di comprendere le intenzioni degli utenti e proporre le migliori soluzioni. Alla base di questi sistemi vi e? un'intelligenza artificiale in grado di interpretare i dialoghi.;Roma;Lazio;Economia e Finanza / Fintech /Assicurazioni, Pubblica amministrazione centrale, Pubblica amministrazione territoriale (regionale e locale), Smart-Cities, Trasporti;si, la usa, si, la fornisce;Elaborazione Linguaggio Naturale, Machine/Deep Learning, Chatbot;;;Utilizzo, Fornisco;;;;Utilizzo, Fornisco;;;;;Findomestic;ENEL ;EUSTEMA;Poste Italiane;Trenitalia;Agenzia delle Entrate;;;;;;;
16;Next to me;Startup;http://www.nextome.net;Nextome è un sistema brevettato (US, Singapore e Europa) di navigazione e localizzazione che opera in ambienti chiusi (dove il segnale GPS non è presente). Grazie ad algoritmi di intelligenza artificiale, la tecnologia di Nextome ha un'accuratezza di circa 1.5, e non necessita di fingerprint. ;Conversano;Puglia;Automotive, Industria di precisione, Sicurezza / Cybersecurity, Smart-Cities, Trasporti;si, la fornisce;Machine/Deep Learning, Recommender Systems;;;;;;;;;Fornisco;;Fornisco;Beintoo; Indigo Ai;Moneyfarm;Cloud4We;cetma Brindisi;UniBO Artificial Intelligence Research Group;;;;;;;
17;Scratch and Screen;Startup;https://www.scratchandscreen.com;Scratch&Screen è una piattaforma di mobile marketing che sfrutta la IA per gestire la programmazione delle campagne ed individuare le truffe;Milano;Lombardia;Pubblicità / Marketing;si, la usa, si, la fornisce;Machine/Deep Learning, Chatbot;Utilizzo;;;;;;;;;;Utilizzo;Eudata;Google;ChatFuel;Non disponibile;Non disponibile;Non disponibile;;;;;;;
18;Zoro;Startup;https://www.zoro.ai;Start-up innovativa specializzata nello sviluppo di soluzioni chatbot per le imprese attraverso una piattaforma proprietaria in grado di connettersi ai principali sistemi informativi.;Milano;Lombardia;Digital transformation;si, la usa;Elaborazione Linguaggio Naturale, Machine/Deep Learning, Chatbot;Utilizzo, Fornisco;;Utilizzo;;;;;;;;;Università di siena;Aeroporto di Napoli;Microsoft;Pubblica amministrazione ed enti territoriali;Comune di milano;Ferrovie ;;;;;;;
19;The Fool;Azienda;http://thefool.it;The Fool è una società che si occupa di mappare e modificare la percezione di persone, aziende, prodotti;Milano;Lombardia;Pubblicità / Marketing, Ricerca Applicata / Statistica, Sicurezza / Cybersecurity;si, la usa, si, la fornisce;Machine/Deep Learning, Chatbot, Cognitive Cybersecurity;Utilizzo, Fornisco;;;Utilizzo, Fornisco;;;Utilizzo, Fornisco;;;;;sharelock.tech;euklid;AMIKO;IBM;Kore;Eudata;;;;;;;
20;Wissen Search;Startup;http://www.wissensearch.it;Piattaforma di orientamento alla formazione dotata di un motore di ricerca intelligente che consente all'utente di trovare i corsi piu idonei al proprio profilo curriculare;Roma;Lazio;Educazione;si, la usa;Sistemi Esperti;;;Utilizzo, Fornisco;;;;;;;;;Wissen search;Apple;Ibm;Facebook;Microsoft;Amazon;;;;;;;
21;Spitch;Azienda;https://spitch.ch/it/;Spitch fornisce soluzioni basate su riconoscimento vocale automatico (ASR, Automatic Speech Recognition), interfacce utente vocali (VUI, Voice User Interface) e analisi dei dati vocali in linguaggio naturale.;Milano;Lombardia;Economia e Finanza / Fintech /Assicurazioni;si, la usa;Elaborazione Linguaggio Naturale, Machine/Deep Learning, Chatbot;;Utilizzo, Fornisco;;;;;;;;;;Oracle;Tag;Osservatori Politecnico;Ferrovie Stato;Generali Assicurazioni;Mediaset;;;;;;;
22;Penta Technology;Azienda;http://www.pentatechnology.it;Penta Technology  è una società di Ingegneria del Software che  dal 2010, sviluppando soluzioni ICT all’avanguardia e competenze di progettazione, realizzazione e gestione di applicazioni mission critical per il monitoraggio territoriale con tecniche di remote sensing integrate con soluzioni di IA;Napoli;Campania;Ambiente, Smart-Cities, Earth Observation;si, la usa;Machine/Deep Learning, Sistemi Esperti;Utilizzo;;;;;;;Fornisco;Fornisco;;Fornisco;carbrain;checkout technologies;Userbot;Algorithmica;Userbot;Kaitiaki;;;;;;;
23;Nami Lab;Startup;http://www.nami-lab.com;Software house focused on intersection of technology and creativity explored thanks to mathematical modelling, and artificial intelligence;Milano;Lombardia;Economia e Finanza / Fintech /Assicurazioni, Educazione, Energia, Entertainment and Music;si, la usa, si, la fornisce;Machine/Deep Learning, Recommender Systems;Utilizzo, Fornisco;;;;;;;;;;Utilizzo, Fornisco;e-novia;Sellf;Neosurance;Non ancora individuata;Non ancora individuata;Non ancora individuata;;;;;;;
24;Elif Lab;Startup;http://www.eliflab.com;"Startup innovativa che si occupa di raccogliere, analizzare, visualizzare dati di diversi tipi e di diverse forme, pubblici e privati. 
Dagli small data ai big data, aiutiamo aziende, istituzioni, comunicatori, politici e lobbisti a estrarre informazioni utili per dar forma a strategie efficaci. ";Monza, Milano;Lombardia;Pubblicità / Marketing, Ricerca Applicata / Statistica, Politica;si, la usa, si, la fornisce;Elaborazione Linguaggio Naturale, Machine/Deep Learning, Recommender Systems, Sistemi Esperti, Chatbot;Utilizzo, Fornisco;;;;;;;;;;;ARGO Vision;Expert System;FBK;Euklid;Dynamitick;Sinte;;;;;;;
25;Metaliquid;Startup;http://www.meta-liquid.com/;Metaliquid è una startup che ha sviluppato una soluzione di analisi di contenuti e stream video basata su architetture di reti neurali (deep learning) in grado di riconoscere concetti ed azioni in tempo reale. Il focus di mercato di Metaliquid è la media/broadcast industry;Milano;Lombardia;Media / Broadcast;si, la fornisce;Computer Vision, Machine/Deep Learning;Fornisco;Fornisco;;;;;;;;;Fornisco;Sky;Fluel;Nvidia;MEDIASET;RAI;GROUP M;;;;;;;
26;Orobix;Azienda;http://www.orobix.com;Orobix sviluppa e ingegnerizza sistemi che integrano algoritmi di intelligenza artificiale, applicabili all’ambito healthcare, manifatturiero e robotico.;Bergamo;Lombardia;Bioinformatica, Energia, Industria di precisione, Industria pesante, Robotica, Salute, Gaming;si, la usa, si, la fornisce;Computer Vision, Machine/Deep Learning, Recommender Systems, Robotica/Sistemi Autonomi, Algoritmi di Ottimizzazione;Utilizzo, Fornisco;;Utilizzo, Fornisco;;Utilizzo, Fornisco;;;;Utilizzo, Fornisco;Utilizzo, Fornisco;;Politecnico di Milano;Fondazione Bruno Kessler;IBM;Fondazione Bruno Kessler;Audi;IBM;;;;;;;
27;Good Buy Auto;Startup;http://goodbuyauto.it;Startup del settore automotive ad alto contenuto tecnologico che lavora su sistemi neurali e di intelligenza artificiale;Milano;Lombardia;Automotive;si, la usa;Machine/Deep Learning;;;Utilizzo;;;;;;;;Utilizzo;google;paolo merialdo;valossa;fuel;axyon;indigo ai;;;;;;;
28;MEFI - UniPV;Università;https://www.facebook.com/groups/bigmefi/;Laboratorio di data science dell'Università di Pavia, precedentemente laboratorio di data mining (dal 2001) coordinato dal Prof. Paolo Giudici. Si occupa di applicazioni dei metodi di AI, Machine Learning, Network science all'economia e ad alla finanza (in particolare al fintech);Pavia;Lombardia;Economia e Finanza / Fintech /Assicurazioni, Ricerca Applicata / Statistica;si, la fornisce;Machine/Deep Learning, Sistemi Esperti;;;Fornisco;;;;;;;;Fornisco;Sirti;Mediolanum;Nexi;Amazon;Google;Alibaba;;;;;;;
29;Heres;Azienda;https://heres.ai/;Heres srl ha sviluppato una piattaforma proprietaria per la creazione di chatbot multicanale. La tecnologia integra algoritmi best of breed di machine learning e NLP ed è basata su API per consentire non solo conversazioni ma anche task operativi, interagendo con i sistemi informativi del Cliente.;Bologna;Emilia-Romagna;eCommerce, Retail, Servizi;si, la usa, si, la fornisce;Elaborazione Linguaggio Naturale, Machine/Deep Learning, Chatbot;;;;;;;;;;;Utilizzo, Fornisco;Eudata;Indigo;INNAAS;Indigo;Conversate AI;e-novia;;;;;;;
30;DISIM - UnivAQ;Università;http://www.disim.univaq.it;Gruppo di ricerca Intelligenza Artificiale e Agenti;L'Aquila;Abruzzo;Educazione, Ricerca Applicata / Statistica, Robotica;si, la fornisce;Logic Multi Agent System Framework DALI;Utilizzo;Utilizzo;;;;;Fornisco;Utilizzo;Utilizzo;;Fornisco;Omron;Indigo;SPEE ;SPEE;Omron;Elif Lab;;;;;;;
31;Vidiemme Consulting;Azienda;https://www.vidiemme.it/;Dal 2004 porta innovazione tecnologica e di processo ai propri Clienti, sviluppando progetti in ambito web, mobile, wearable e connected device. Si avvale di un approccio consulenziale volto a comprendere le esigenze e gli obiettivi aziendali per sviluppare soluzioni tecnologiche integrate.;Milano;Lombardia;Sviluppo software custom;si, la usa;Elaborazione Linguaggio Naturale, Machine/Deep Learning, Chatbot;;;;;;;;;;;Utilizzo;Conversate;Fluel;Eudata;e-Novia;Assist;IIT (Istituto Italiano di Tecnologia);;;;;;;
32;Reveal;Azienda;http://www.revealsrl.it/;Start-up presso l'Università di Roma, Tor Vergata. Opera nelle tecnologie della conoscenza agenti su dati non strutturati. Fornisce servizi per la elaborazione linguistica, la ricerca documentale intelligente basata su semantica e l’apprendimento automatico, e il social media analytics. ;Roma;Lazio;Economia e Finanza / Fintech /Assicurazioni, Industria pesante, Pubblicità / Marketing, Ricerca Applicata / Statistica, Sicurezza / Cybersecurity;si, la usa, si, la fornisce;Elaborazione Linguaggio Naturale, Machine/Deep Learning, Recommender Systems, Cognitive Cybersecurity;;;Fornisco;Fornisco;;;;;;;Fornisco;UniCredit;Leonardo;Elettronica S.p.A.;ABI;MEF;ENAV;;;;;;;
33;Hopenly;Azienda;http://www.hopenly.com;Dai registri hardware agli archivi sanitari, dai social media ai sensori. La gestione dei Big Data con tecniche di intelligenza artificiale rappresenta il core business di Hopenly.;Reggio Emilia;Emilia-Romagna;Automotive, Economia e Finanza / Fintech /Assicurazioni, Pubblicità / Marketing, Ricerca Applicata / Statistica, Sicurezza / Cybersecurity;si, la usa, si, la fornisce;Elaborazione Linguaggio Naturale, Machine/Deep Learning, Cognitive Cybersecurity;Fornisco;;;Utilizzo, Fornisco;Fornisco;;;;Fornisco;;;Talend;Cineca;Teradata ;Politecnico di Torino;Cineca;Ospedale Casa Cammino della Sofferenza;;;;;;;
34;Magneticast;Azienda;http://www.magneticast.com;Monitoraggio comportamento d'acquisto dei clienti dentro il punto vendita e proposizione di offerte basate sullo storico degli acquisti;Acireale (CT);Sicilia;Pubblicità / Marketing, Retail;si, la usa;Computer Vision, Machine/Deep Learning;Utilizzo;Utilizzo;Utilizzo, Fornisco;;;;;;;;; -;-;-;-;-;-;;;;;;;
35;IASI CNR;Centro di Ricerca;http://www.iasi.cnr.it;Gruppo di ricerca nell'Istituto di Analisi dei Sistemi e Informatic del CNR;Roma;Lazio;Ricerca di base e applicata;si, la fornisce;Motore di ricerca semantico;;;;;;;;;;;Utilizzo, Fornisco;Engineering;Expert Systems;CNR;Expert Systems;Link;AGID;;;;;;;
36;Gruppo Pragma;Azienda;http://www.gruppopragma.it;Gruppo Pragma opera nel settore del digital learning e del knowledge management. Dal 2007, a partire da una ricerca europea, sviluppa agenti conversazionali (Chatbot), con una propria piattaforma “Intoote”e con altre tecnologie. La società si è specializzata nell’ambito del chatbot design, NLI e UX.;Trieste;Friuli Venezia Giulia;Educazione;si, la fornisce;Elaborazione Linguaggio Naturale, Chatbot;;;;;;;;;;;Fornisco;Microsoft;Vetrya ;AWHY;Vetrya;AWHY;Microsoft;;;;;;;
37;Vetrya;Azienda;http://www.vetrya.it;"
Vetrya [VTY.MI] è un gruppo italiano leader nello sviluppo di servizi digital, applicazioni e soluzioni cloud. E’ quotato alla Borsa Italiana. Applica l’elevata competenza ed esperienza nel cloud, intelligenza artificiale, big data e internet degli oggetti ad ogni dispositivo connesso alla rete.";Orvieto;Umbria;Media, Telco, ;si, la fornisce;Computer Vision, Elaborazione Linguaggio Naturale, Chatbot, Cognitive Cybersecurity, Cognitive Services ;Fornisco;Utilizzo;Fornisco;Utilizzo;;Fornisco;;;;;Fornisco;Vetrya;Reply;Ibm;Rai;Mediaset;Sky;;;;;;;
38;Comune Rimini;PA;http://www.comune.rimini.it;Comune di Rimini - Istanze Digitali;Rimini;Emilia-Romagna;Pubblica amministrazione territoriale (regionale e locale);si, la usa;Computer Vision, Machine/Deep Learning;Utilizzo;;;;;;;;;;;NO;NO;NO;NO;NO;NO;;;;;;;
39;EntityMind;Startup;http://www.entitymind.com;Startup innovativa che sviluppa sistemi di Intelligenza Adattiva, capaci in teoria di comprendere le cose, di avere una pseudo-coscienza e di usare treni di pensieri per formulare reazioni ragionate.;Modena;Emilia-Romagna;Economia e Finanza / Fintech /Assicurazioni, Educazione, Industria di precisione, Industria pesante, Pubblica amministrazione centrale, Pubblica amministrazione territoriale (regionale e locale), Pubblicità / Marketing, Supporto Help Desk;si, la fornisce;Chatbot, Embodied Cognition;Utilizzo;;Fornisco;;;;;;Utilizzo;;Utilizzo, Fornisco;Expert System Spa;MindIt;Else Corp;Nessuna;Nessuna;Nessuna;;;;;;;
40;Economy Up;Centro di Ricerca;https://www.economyup.it;"Intendo mappare i Digital Innovation Hub e i Competence Center previsti da Impresa 4.0. Obiettivo è capire: le competenze importanti per i lavori del futuro; dove saranno formate queste competenze e attraverso quali percorsi di formazione istruzione; le interazioni utili tra istruzione e impresa ";Milano;Lombardia;Industria 4.0;si, la usa, si, la fornisce;Computer Vision, Machine/Deep Learning, Robotica/Sistemi Autonomi, Sistemi Esperti, IoT;Utilizzo, Fornisco;;Utilizzo, Fornisco;Utilizzo, Fornisco;Utilizzo, Fornisco;;;Utilizzo, Fornisco;Utilizzo, Fornisco;Utilizzo, Fornisco;;il DIH Cicero Hub di Roma ;Il Competence Center dell'Università di Pisa;Il Fab Lab Romamakers a Roma ;Il DIH Cicero Hub a Roma; Il Competence Center dell'Università di Pisa ; Il Fab Lab Romamakers a Roma;;;;;;;
41;Athlos;Azienda;http://www.athlos.biz;Athlos ha sviluppato una propria piattaforma di AI per la gestione dell'interazione uomo-macchina chiamata AIKA.;Cagliari;Sardegna;Pubblica amministrazione territoriale (regionale e locale), Ricerca Applicata / Statistica, Robotica, Salute;si, la usa;Elaborazione Linguaggio Naturale, Machine/Deep Learning, Robotica/Sistemi Autonomi, Chatbot;;;;;;;;;;;;IBM;Google;Istituto Italino di Tecnologia;Istituto Italiano di Tecnologia;IBM;Expert System;;;;;;;
42;INGV;PA;http://www.ingv.it;Centro di ricerca sulle scienze della terra;Roma, Palermo;Lazio, Sicilia;Ambiente, Educazione, Pubblica amministrazione centrale, Ricerca Applicata / Statistica;si, la usa, si, la fornisce;Machine/Deep Learning, Recommender Systems, Sistemi Esperti;;;;;;;;Utilizzo, Fornisco;Utilizzo, Fornisco;;;Protezione civile;Università La Sapienza di Roma;Università di Roma 3;Università di Cosenza;Google;IBM;;;;;;;
43;Domino;Azienda;https://www.domino.it/it;Domino è un’agenzia digitale full-services che si occupa di consulenza, strategia, produzione e manutenzione di progetti interattivi per connettere brand e clienti: più vent’anni di esperienza permettono a Domino di realizzare progetti di comunicazione per imprese, enti, associazioni no profit. ;Torino;Piemonte;Agricoltura, Automotive, Educazione, Energia, Industria pesante, Pubblicità / Marketing, Robotica, Salute, Trasporti, turismo, cultura, no-profit, sport, beauty;si, la usa;Elaborazione Linguaggio Naturale, Machine/Deep Learning, Chatbot;Utilizzo;;;;;;;;;;Utilizzo;FCA;IBM;Consiglio regionale del Veneto;Costa Crociere;Feltrinelli;Nike;;;;;;;
44;SWAP - UniBA;Università;http://www.di.uniba.it/~swap/;"Il gruppo Semantic Web Access and Personalization (SWAP) ""Antonio Bello” del Dip.di Informatica dell'Univ.di Bari conduce ricerche in AI, Machine Learning, Recommender Systems, User Modeling, Semantic & Social Technologies, NLP, IR, IF,  Open Source Intelligence, Open Data & Linked Open Data.";Bari;Puglia;Economia e Finanza / Fintech /Assicurazioni, Pubblica amministrazione centrale, Pubblica amministrazione territoriale (regionale e locale), Pubblicità / Marketing, Ricerca Applicata / Statistica, Robotica, Smart-Cities;si, la usa, si, la fornisce;Elaborazione Linguaggio Naturale, Machine/Deep Learning, Recommender Systems, Robotica/Sistemi Autonomi, Sistemi Esperti, Chatbot;Utilizzo;Utilizzo;;Utilizzo;Utilizzo;Utilizzo;;;;;;QuestionCube;EXPRIVIA-ITALTEL;InnovaPuglia ;CELI;AgID;Reveal;;;;;;;
45;UniOr Napoli;Università;http://www.unior.it;L’Università “L’Orientale” vanta una consolidata tradizione di studi nelle lingue, culture e società dell’Europa, Asia, Africa e Americhe e dispone di un gruppo di ricerca nel campo della linguistica computazionale e del trattamento automatico del linguaggio naturale (resp.: prof. Johanna Monti).;Napoli;Campania;Linguistica computazionale e trattamento automatico del linguaggio naturale;si, la fornisce;Elaborazione Linguaggio Naturale, Chatbot;;;;;;;;;;;Fornisco;Expert System;Translated;FBK;NTT DATA;Babelscape;CELI;;;;;;;
46;ACRDSI (USA);Università;http://www.acrdsi.org;Carlo N. De Cecco, MD, PhD is an Associate Professor of Radiology and Biomedical Informatics at the Emory University in Atlanta. He is the Chief of the Cardiac Radiology Use Case Panel for Artificial Intelligence at the Data Science Institute of the American College of Radiology.;Atlanta, Georgia, USA;Estero;Bioinformatica, Ricerca Applicata / Statistica, Salute;si, la usa;Machine/Deep Learning, Biomedical Imaging;Utilizzo, Fornisco;;;;Utilizzo, Fornisco;;;;;;;Consiglio Nazionale delle Ricerche;BRAINCONTROL;AMIKO;Consiglio Superiore di Sanità;Consiglio Nazionale delle Ricerche;Ministero della Salute;;;;;;;
47;Egovmetrics;Centro di Ricerca;http://www.egovmetrics.com;Strategie di E-Government per Smart Citizens;Rizziconi (RC);Calabria;Pubblica amministrazione centrale, Sicurezza / Cybersecurity, Paesi Balcani ;si, la usa;Machine/Deep Learning, Cognitive Cybersecurity;;;Fornisco;Fornisco;;;Fornisco;;;;;Comune di Rizziconi (RC);Governo del Montenegro;Agenzia Cybersecurity Anticorruzione (Montenegro);Università;AGID;Altri Centri Cybersecurity;;;;;;;
48;Aimage Lab UniMORE;Università;http://aimagelab.unimore.it;"Aimagelab e' un lab. di ricerca del Dip. di Ingegneria ""Enzo Ferrari"" dell'Università di Modena e Reggio Emilia. Si occupa di Visione Artificiale, di AI e di  Machine Learning, con competenze specifiche su  nuove architetture di Deep  Learning per la comprensione di dati visuali e multimediali. ";Modena;Emilia-Romagna;Automotive, Ricerca Applicata / Statistica, Sicurezza / Cybersecurity, Smart-Cities, Ricerca in Visione Artificiale;si, la fornisce;Computer Vision, Machine/Deep Learning;Fornisco;Fornisco;;;;Fornisco;;;Fornisco;Fornisco;;Energyway srl, Modena;Ayxon srl , Modena;CINECA ;CINECA;IIT;FBK;;;;;;;
49;RiAtlas;Startup;http://web.unisa.it/ricerca/spin-off/unisa;RiAtlas s.r.l. è una healthcare digital start-up attiva nel settore dell’intelligenza artificiale, per una medicina di precisione. Sviluppiamo soluzioni e servizi avanzati di analisi di dati per applicazioni cliniche a valore aggiunto.;Fisciano (SA);Campania;Salute;si, la usa, si, la fornisce;Machine/Deep Learning, Recommender Systems, Sistemi Esperti;;;;;Utilizzo, Fornisco;;;;;;;DISA MIS - Università degli Studi di Salerno;IBM;GOOGLE;PHILIPS;SIEMENS;IBM;;;;;;;
50;MVMANT;Startup;http://www.mvmant.it;MVMANT sviluppa modelli e soluzioni di Intelligenza Artificiale applicati alla mobilità condivisa con l’obiettivo di prevedere la domanda di trasporto, ottimizzare l’occupazione a bordo e ridurre i costi sia per i gestori del servizio che per gli utenti.;Mirabella Imbaccari (CT);Sicilia;Trasporti;si, la usa, si, la fornisce;Machine/Deep Learning;;;;;;;;;;;Utilizzo, Fornisco;Dipartimento Ingegneria Civile e Architettura Università di Catania: team della sezione di ingegneria delle infrastrutture viarie e dei trasporti;Edisonweb Srl;Dipartimento di Matematica e Informatica tramite spin-off ICTLAB SRL;Comune di Fabriano;Regione Siciliana - Assessorato Trasporti e infrastrutture;Athlon Car Lease Italy;;;;;;;
51;Axel;Azienda;http://www.axel.ai;AI con addestramento per concetti, unica nel suo genere.;Milano;Lombardia;Informatica e servizi;si, la fornisce;Computer Vision, Elaborazione Linguaggio Naturale, Machine/Deep Learning, Chatbot;;;;;;;;;;;;IBM;Microsoft;Google;IBM;Microsoft;Google;;;;;;;
52;Casaleggio Associati;Centro di Ricerca;https://www.casaleggio.it/studi-ricerche/;Casaleggio Associati offre servizi di consulenza strategica per la presenza in Rete. L’obiettivo principale dell’azienda è quello di anticipare le tendenze dello scenario digitale e coglierne cambiamenti e opportunità in ambito organizzativo, culturale e politico. ;Milano;Lombardia;Consulenza e ricerca;;;;;;;;;;;;;Utilizzo;Conversate;LoopAI Labs;Qlik;Microsoft;Expert System;Persado;;;;;;;
53;Loop AI Lab;Azienda;http://www.loop.ai/media-relations;Realizzatori della prima piattaforma di Cognitive Computing (harware, software) in grado di operare in modo non supervisionato (Unsupervised).;Milano, Bologna;Lombardia, Emilia-Romagna;Ambiente, Agricoltura, Automotive, Bioinformatica, Economia e Finanza / Fintech /Assicurazioni, Educazione, Energia, Industria di precisione, Industria pesante, Robotica, Salute, Smart-Cities, Trasporti, Trasversale per qualsiasi industria;si, la usa, si, la fornisce;Machine/Deep Learning, Cognitive Cybersecurity, Unsupervised Cognitive Computing;;;Utilizzo;;;;;;;;Utilizzo, Fornisco;Bip - Business Integration Partners;Boston Consulting Group;Lutech spa;Governo Italiano;Banca d'Italia;RAI - Radio Televisione Italiana;;;;;;;
54;Luiss Enlabs Worklab AI;Incubatore;https://luissenlabsacceleration.com/ai/;programma di accelerazione per progetti di AI;Roma;Lazio;Economia e Finanza / Fintech /Assicurazioni;si, la fornisce;Machine/Deep Learning, Robotica/Sistemi Autonomi, Chatbot, Cognitive Cybersecurity;;;;Utilizzo;;Utilizzo;;Utilizzo;Utilizzo;;;LVenture Group;Userbot ;Travel Appeal;Travel Appeal;Cloud4Wi;agID;;;;;;;
55;Morpheos;Azienda;http://www.morpheos.eu/;Momo – The Home Genius è il sistema di Intelligenza Artificiale che protegge la casa e i suoi abitanti sviluppando in modo indipendente automazioni e imparando dai comportamenti. Momo è in grado di condividere tecnologie e funzioni con altri dispositivi presenti, per una esperienza smart completa.;Catania;Sicilia;Ricerca Applicata / Statistica, Robotica, Smart-Cities;si, la usa, si, la fornisce;Computer Vision, Elaborazione Linguaggio Naturale, Machine/Deep Learning, Robotica/Sistemi Autonomi, Chatbot;Fornisco;Fornisco;Fornisco;;;Fornisco;;Fornisco;Fornisco;;Fornisco;Noviacom;Università degli Studi di Catania;Indigo AI;Istituto Italiano di Tecnologia;Neosurance;MetaLiquid;;;;;;;
56;Aikospace;Startup;http://www.aikospace.com;Intelligenza Artificiale per Missioni Spaziali. Sviluppo algoritmi per aumentare le capacità decisionali dei satelliti. ;Torino;Piemonte;Spazio;si, la fornisce;Machine/Deep Learning, Robotica/Sistemi Autonomi, Sistemi Esperti;Fornisco;;;;;;;;;Fornisco;;3bee;Addfor;Altec;-;-;-;;;;;;;
57;CORPUS-FICLIT-UniBo;Università;http://corpora.ficlit.unibo.it/;Questo gruppo di ricerca presso il FICLIT-Università di Bologna si occupa di tutte le problematiche connesse con l'analisi delle lingue storico-naturali tramite strumenti computazionali. Keyword: linguistica computazionale, costruzione e analisi di corpora, Web semantico, Deep/Machine Learning...;Bologna;Emilia-Romagna;Educazione, Pubblica amministrazione territoriale (regionale e locale), Ricerca Applicata / Statistica;si, la usa;Elaborazione Linguaggio Naturale, Machine/Deep Learning;;;;;Utilizzo;;;;;;Utilizzo, Fornisco;Fondazione Bruno Kessler, Trento;Istituto di Linguistica Computazionale, CNR, Pisa;Expert System, Modena;Google, Italia;Expert System, Modena;CELI, Torino;;;;;;;
58;EOS;Azienda;http://www.eosdev.it;EOS  - Progettazione, sviluppo e fornitura di consiglieri esperti operanti nel mercato Forex. Applicazione del Machine Learning all'ambito gestionale.;Pisa;Toscana;Economia e Finanza / Fintech /Assicurazioni;si, la usa;Machine/Deep Learning, Recommender Systems, Sistemi Esperti;;;Utilizzo, Fornisco;;;;;;;;Fornisco;AIxIA;Università di Pisa;Euklid;Euklid;Axyon.ai;Neosurance;;;;;;;
59;OTUS;Azienda;http://otustechnology.com;OTUS Predictive Technology è una Business Unit di CAMELOT Biomedical Systems Srl che, grazie a un team multidisciplinare di machine learning specialists, business analyst e software architect, offre soluzioni di analisi predittiva per l'ottimizzazione dei processi business.;Genova, Milano, Pescara;Liguria, Lombardia, Abruzzo;Automotive, Energia, Pubblica amministrazione territoriale (regionale e locale), Ricerca Applicata / Statistica, Robotica, Salute, Sicurezza / Cybersecurity, Smart-Cities;si, la fornisce;Computer Vision, Machine/Deep Learning;Fornisco;;Fornisco;;Fornisco;Fornisco;;;Fornisco;;Fornisco;Università degli Studi di Genova;FBK, Trento;Politecnico di Milano;ENEL;ENI;Ferrero;;;;;;;
60;Cyberdyne;Azienda;http://www.cyberdyne.it;Cyber Dyne ha sviluppato Kimeme, una piattaforma software basata sui più innovativi algoritmi di intelligenza computazionale. Attraverso Kimeme, l'azienda fornisce ai suoi clienti soluzioni per l'ottimizzazione in vari ambiti (progettazione, produzione, logistica, scheduling, workforce management).;Pescara;Abruzzo;Automotive, Servizi;si, la fornisce;Machine/Deep Learning, Sistemi Esperti, Computational Intelligence Optimization;;;;;;;;;;;Fornisco;Rulex Analytics;INNAAS;CNR;Omron;Elettric80;Oppent;;;;;;;
61;CLP-UniUD;Università;http://clp.dimi.uniud.it/;Il Constraint and Logic Programming lab del DMIF (Univ. Udine) effettua ricerca teoria ed applicata nell'area dell'Intelligenza Artificiale, in particolare nel ragionamento automatico. Studia tecniche avanzate di codifica e risoluzione di problemi combinatorici, ed il parallelismo offerto dalle GPU;Udine;Friuli Venezia Giulia;Bioinformatica, Educazione, Energia, Ricerca Applicata / Statistica, Smart-Cities, Pianificazione ;si, la usa, si, la fornisce;Robotica/Sistemi Autonomi, Sistemi Esperti, Rappresentazione della conoscenza e ragionamento automatico;;;Fornisco;;;;Fornisco;;;;Utilizzo, Fornisco;Fondazione Bruno Kessler;Eurotech;CNR;Bean Tech;Univ. di Roma La Sapienza;IIT;;;;;;;
62;Dip.Informatica - UniRoma1;Centro di Ricerca;https://www.di.uniroma1.it/;Si tratta di uno dei più prestigiosi dipartimenti di Informatica in Italia, primo classificato nella lista dei dipartimenti di eccellenza pubblicata dal MIUR;Roma;Lazio;Educazione;si, la fornisce;Computer Vision, Elaborazione Linguaggio Naturale, Machine/Deep Learning, Recommender Systems, Cognitive Cybersecurity;Fornisco;Fornisco;;Fornisco;Fornisco;;Fornisco;Fornisco;Fornisco;;Fornisco;IBM (sistema Watson) ;Babelscape (babelscape.com/);"Target Reply   (una ""sfera"" di reply http://www.reply.com/en/?gclid=EAIaIQobChMI8MTy8vHK2AIVAQzTCh10YAqYEAAYASAAEgJB3vD_BwE)";Microsoft;Expert System ;MIP del Politecnico di Milano http://www.mip.polimi.it;;;;;;;
63;Exprivia;Azienda;http://www.exprivia.it;Exprivia è una multinazionale italiana del Software che sviluppa soluzioni per clienti. In particolare ha una competenza sull'intelligenza artificiale e sul trattamento semantico di informazioni testuali;Molfetta (BA);Puglia;Economia e Finanza / Fintech /Assicurazioni, Pubblica amministrazione centrale, Smart-Cities;si, la usa, si, la fornisce;Computer Vision, Elaborazione Linguaggio Naturale, Machine/Deep Learning, Recommender Systems, Chatbot;Utilizzo;;Utilizzo;Utilizzo;Fornisco;Fornisco;;Fornisco;Fornisco;;;Politecnico di Bari;Quest-It;CEFRIEL;Morpheos;Università di Bari;Hero;;;;;;;
64;OBDA Systems;Startup;https://www.obdasystems.com;OBDA Systems propone soluzioni state-of-the-art basate sulle piu? recenti innovazioni nel campo del'Intelligenza Artificiale e delle Tecnologie Semantiche per fornire ai propri clienti un metodo diretto ed efficace per estrarre informazioni chiave da dataset complessi e di grandi dimensioni. ;Roma;Lazio;Pubblica amministrazione centrale, Pubblica amministrazione territoriale (regionale e locale), Knowledge-based Systems;si, la usa, si, la fornisce;Knowledge Reasoning;;;;;;;;;;;Utilizzo, Fornisco;ACI Informatica;ISTAT;OKKAM; Ministero dell'Interno; SpazioDati; TIM;;;;;;;
65;Explora;Azienda;https://www.explora-biotech.com;EXPLORA S.r.l. is a privately owned Italian company established in 2006 at the Technological Park “Tecnopolo Tiburtino” in Rome with a R&D department in Mestre (Venice). EXPLORA is committed to the development of enabling technologies for biological engineering and synthetic biology. ;Mestre;Veneto;Bioinformatica, Synthetic Biology;si, la usa;Machine/Deep Learning, Sistemi Esperti, Network Analysis ;;;;;;;;;;;Utilizzo;Università di Modena e Reggio Emilia;Università di Bologna;Università Ca'Foscari ;Università Milano Bicocca;Università di Modena e Reggio Emilia;Energia Crescente;;;;;;;
66;Dip.Informatica - UniPI;Università;http://www.di.unipi.it/groups/ciml/;"Computational Intelligence & Machine Learning:
Gruppo di ricerca con esperienza in metodologie di IA, dall'Intelligenza Computazionale all’Apprendimento Automatico come Reti Neurali, Deep Learning, Apprendimento probabilistico e per dati strutturati (sequenze, alberi, grafi), segnali e immagini.";Pisa;Toscana;Educazione;si, la fornisce;Machine/Deep Learning;Fornisco;;;;Fornisco;Fornisco;;Fornisco;Fornisco;Fornisco;Fornisco;DIBRIS - Univ. di Genova; AIRgroup - Univ. Siena;Dipartimento di Matematica - Univ. Padova;N/A;N/A;N/A;;;;;;;
67;CELI;Azienda;https://www.celi.it/;CELI fornisce consulenze e applicazioni software di Natural Language Processing multilingue da più di 15 anni, con clienti in Europa, Stati Uniti, Corea. Membro dell’Associazione Italiana per l’Intelligenza Artificiale (AI*IA) e l’Associazione Italiana di Linguistica Computazionale (AILC).;Torino, Milano;Piemonte, Lombardia;Automotive, Economia e Finanza / Fintech /Assicurazioni, Educazione, Pubblica amministrazione centrale, Pubblica amministrazione territoriale (regionale e locale), Salute, Smart-Cities;si, la usa, si, la fornisce;Elaborazione Linguaggio Naturale, Machine/Deep Learning, Recommender Systems, Chatbot;;;;;;;;;;;Utilizzo, Fornisco;AI*IA;AILC;Expert System;AI*IA;AILC;Amazon;;;;;;;
68;Expert System;Azienda;http://www.expertsystem.com/;Expert System sviluppa software di cognitive computing e text analytics basati su algoritmi di intelligenza artificiale in grado di comprendere il significato del linguaggio scritto, in modo simile all'uomo.;Modena;Emilia-Romagna;Economia e Finanza / Fintech /Assicurazioni, Energia, Militare, Pubblica amministrazione centrale, Pubblica amministrazione territoriale (regionale e locale), Sicurezza / Cybersecurity, Smart-Cities, IT;si, la fornisce;Elaborazione Linguaggio Naturale, Machine/Deep Learning, Sistemi Esperti, Chatbot, Cognitive Cybersecurity, Risk Management, Knowledge Management, RPA;;;Fornisco;Fornisco;;;Fornisco;;;;Fornisco;Agid;Unimore;Eni;Agid;Unimore;Eni;;;;;;;
69;ART-UniROma3 Tor Vergata;Università;http://art.uniroma2.it/;Gruppo di ricerca con particolari competenze e sistemi per l'elaborazione del linguaggio naturale, la gestione della conoscenza ontologica ed il semantic web;Roma;Lazio;web semantico;si, la usa, si, la fornisce;Elaborazione Linguaggio Naturale, Machine/Deep Learning, Chatbot, gestione ontologie;;;;;;;;;;;Utilizzo, Fornisco;REVEAL;IBM;FBK;AGID;IBM;FBK;;;;;;;
70;Babelscape;Startup;http://babelscape.com;Babelscape è una startup Sapienza innovativa che rende possibile l'elaborazione del linguaggio naturale in decine di lingue, fino al livello semantico di comprensione del testo ed estrazione di concetti, entità, domini e sentimenti fondamentali in esso espressi. ;Roma;Lazio;Economia e Finanza / Fintech /Assicurazioni, Educazione, Militare, Pubblica amministrazione centrale, Salute, Sicurezza / Cybersecurity, Editoria;si, la fornisce;Elaborazione Linguaggio Naturale, Machine/Deep Learning;;;;Fornisco;;;;;;;Fornisco;Nessuna;Nessuna;Nessuna;Nessuna;Nessuna;Nessuna;;;;;;;
71;Open Search Network;Azienda;http://www.opensearchnetwork.com;Headhunting Company specializzata in ambito AI per il mercato italiano e i candidati italiani all'estero. ;London;Estero;HR;si, la usa;Recommender Systems;;;;;;;;;;;Utilizzo;Conversate;Avantgarde Group;Cubeyou;Pirelli;Addfor;Eudata;;;;;;;
72;Laboratorio Kelsen - UniSA;Università;http://www.laboratoriokelsen.unisa.it;"Il Laboratorio Kelsen è una delle strutture scientifiche di eccellenza del DSG/Unisa.
Lo scopo principale del Laboratorio è costituito essenzialmente dall'elaborazione di strumenti euristici per la comprensione e la gestione dell'ordine politico-giuridico interno e globale.
 ";Salerno;Campania;Ricerca scientifica;;;;;;;;;;;;;;ISTAT;Indigo;Omron;ISTAT;CIRSFID;FONDAZIONE BRUNO KESSLER;;;;;;;
73;Eclettica;Azienda;http://www.eclettica.net;"Eclettica è un’azienda informatica nata nel 2012, fondata con l’obiettivo di diventare un riferimento sui temi della System Integration e dello Sviluppo Software.; ha la sede operativa  a Fisciano (SA) e presidi commerciali a Roma ed a Milano e una Subsidiary branch Eclettica Ltd a Londra.";Fisciano (SA);Campania;Robotica, Sicurezza / Cybersecurity, ICT/ AI /SVILUPPO SOFTWARE;si, la usa, si, la fornisce;Elaborazione Linguaggio Naturale, Machine/Deep Learning, Robotica/Sistemi Autonomi, Chatbot;Utilizzo, Fornisco;;;;;;;;Fornisco;;Utilizzo, Fornisco;XSENSE;nessuna di interesse;nessuna di interesse;XSENSE;IBM;google;;;;;;;
74;Laboratorio IA - UniPA;Università;http://www.diid.unipa.it/networks/ndslab/;Il Laboratorio di “Intelligenza Artificiale e Sistemi Distribuiti” dell’Università degli Studi di Palermo svolge ricerca nel campo dei sistemi distribuiti, dell’intelligenza artificiale, della sicurezza informatica, e dell’informatica per la pubblica amministrazione.;Palermo;Sicilia;Ambiente, Agricoltura, Automotive, Educazione, Energia, Industria di precisione, Ricerca Applicata / Statistica, Sicurezza / Cybersecurity, Smart-Cities, Trasporti;si, la usa, si, la fornisce;Machine/Deep Learning, Recommender Systems, Robotica/Sistemi Autonomi, Sistemi Esperti, Cognitive Cybersecurity;;;;Utilizzo, Fornisco;;;;Utilizzo, Fornisco;Utilizzo, Fornisco;;;Università degli Studi di Pisa;Engineering S.p.a.;CINI - Laboratorio di SmartCities;Noovle;IBM;Leonardo;;;;;;;
75;Dedagroup;Azienda;http://www.dedagroup.it/home;"Dedagroup è uno dei più importanti attori dell'Information Technology ""Made in Italy"" con headquarter a Trento e un fatturato di 230 milioni di Euro. All'interno dell'azienda esiste un team che si occupa di studio e sviluppo di soluzioni cognitive.";Trento;Trentino Alto-Adige;Economia e Finanza / Fintech /Assicurazioni, Energia, Pubblica amministrazione centrale, Pubblica amministrazione territoriale (regionale e locale), Pubblicità / Marketing, Ricerca Applicata / Statistica, Robotica, Salute, Sicurezza / Cybersecurity, Smart-Cities, Trasporti;si, la usa;Elaborazione Linguaggio Naturale, Machine/Deep Learning, Recommender Systems, Robotica/Sistemi Autonomi, Sistemi Esperti, Chatbot;Fornisco;Fornisco;Utilizzo, Fornisco;;;;Fornisco;;Fornisco;;;Reply;Integris;iConsulting;AddFor;IBM;Microsoft;;;;;;;
76;Conversate;Startup;http://www.conversate.eu;Azienda di Artificial Intelligence nata a Londra nel 2016 da esperti del settore. Prima piattaforma enterprise per chatbot e interfacce conversazionali intelligenti, con tecnlogia AI proprietaria, comprensione dell'Italiano al livello dell'Inglese, rispetto privacy EU, sia cloud che on premise.;Milano;Lombardia;Economia e Finanza / Fintech /Assicurazioni, Energia, Pubblicità / Marketing;si, la fornisce;Elaborazione Linguaggio Naturale, Machine/Deep Learning, Chatbot;;;;;;;;;;;Fornisco;Deloitte Analytics;Deus Technology;Elegans.io;Banche;Assicurazioni;Utility;;;;;;;
77;ELSE corp;Startup;http://www.else-corp.com;A B2B & B2B2C service provider. We offer technological solutions for Virtual Retail and Cloud Manufacturing to brands, retailers, manufacturers and designers;Milano;Lombardia;Fashion Retail;si, la usa;Machine/Deep Learning, Recommender Systems;;Utilizzo, Fornisco;;;;;;;;;Fornisco;Microsoft Italia;FBK, Fondazione Bruno Kessler;Cerfiel;Cefriel;FBK, Fondazione Bruno Kessler;SAP Italia;;;;;;;
78;Brain Control;Startup;http://www.braincontrol.com;BRAINCONTROL;Siena;Toscana;Bioinformatica, Robotica, Salute;si, la usa;Machine/Deep Learning;;Utilizzo;;;Utilizzo;Utilizzo;;;Utilizzo;;;Università di Siena;Università di Trento;Università di Pisa;Google;IBM;GM;;;;;;;
79;Kaitiaki;Startup;http://www.kaitiaki.it;Kaitiaki utilizza l'intelligenza artificiale per combattere il cyberbullismo, il sexting, l'autolesionismo;Udine;Friuli Venezia Giulia;Salute, Sicurezza / Cybersecurity;si, la fornisce;Elaborazione Linguaggio Naturale, Machine/Deep Learning, Cognitive Cybersecurity;Fornisco;;;Fornisco;;;;;;;Fornisco;Bidpremium Srl;Datamantix Srl;Expert System SpA;Google Italia;IBM Italia;Facebook Italia;;;;;;;
80;Resonance AI;Startup;https://www.resonance-ai.com;Resonance utilizza sensori IOT e Machine Learning per analizzare e predirre i comportamenti utente. ;Roma;Lazio;Automotive, Pubblicità / Marketing, Smart-Cities;si, la fornisce;Machine/Deep Learning;;;;;;Utilizzo, Fornisco;;;Utilizzo;Utilizzo;;Resonance AI;Expert System ;Datalytics;FBK;Expert System ;Datalytics;;;;;;;
81;Grottini Lab;Azienda;https://www.grottinilab.com;Design e realizzazione di strumenti per l'analisi del comportamento di persone all'interno di ambienti. Strumenti predittivi per il miglioramento delle performance e per la creazione di esperienze produttive e gratificanti per gli utenti.;Portorecanati (MC);Marche;Sicurezza / Cybersecurity, Smart-Cities, retail, logistica, museale, produzione;si, la usa, si, la fornisce;Computer Vision, Machine/Deep Learning;Utilizzo, Fornisco;;;;;Utilizzo, Fornisco;;;Utilizzo, Fornisco;;;Jef srl;Tim;Loccioni Group;procter & gamble;ministero dello sviluppo economico;alitalia;;;;;;;
82;enGenome;Azienda;http://engenome.com;Azienda di bioinformatica che fornisce software per l'interpretazione clinica del genoma ai laboratori di analisi molecolari.;Pavia;Lombardia;Bioinformatica, Salute;si, la usa;Machine/Deep Learning, Sistemi Esperti;;;;;Fornisco;;;;;;;Università di Pavia;Natural Intelligent Technologies Srl ;Biomeris;Xtn;Translated;Babelscape;;;;;;;
83;MindIT;Azienda;http://www.minditsolutions.it/en/index.html;Spin-off dell'Università di Bologna che si occupa di supporto alle decisioni mediante metodi di Apprendimento Automatico ed Ottimizzazione Combinatoria. All'occorrenza organizza anche corsi sugli stessi temi.;Bologna;Emilia-Romagna;Energia, Industria di precisione, Industria pesante, Pubblica amministrazione territoriale (regionale e locale), Pubblicità / Marketing;si, la usa, si, la fornisce;Machine/Deep Learning, Combinatorial Optimization;;;;;;;;;;;Utilizzo, Fornisco;Expert System;Axyon;Rulex;Rulex;Axyon;ELIF;;;;;;;
84;QuestIT;Azienda;https://www.quest-it.com;QuestIT è nata nel 2007 come spin-off del Dipartimento di Ingegneria dell'Informazione di Siena specializzata in Intelligenza Artificiale. Offre servizi nelle seguenti aree: aplicazioni basate sull'Elaborazione del linguaggio naturale (NLP), Chatbot,Big data, sluzioni di su Machine Learning;Siena;Toscana;Pubblicità / Marketing, Smart-Cities;si, la fornisce;Computer Vision, Elaborazione Linguaggio Naturale, Machine/Deep Learning, Sistemi Esperti, Chatbot;;;;;;;;;;;Fornisco;THE DIGITAL BOX S.P.A.;Expert System s.p.a.;Exprivia s.p.a.;Indigo;Università di siena;Expert system;;;;;;;
85;DEIB Polimi AirLab;Università;http://airlab.deib.polimi.it/;Artificial Intelligence and Robotics Laboratory of Politecnico di Milano, AIRLab was established by prof. Marco Somalvico in 1971 as one of the first groups of researchers in Italy working on Artificial Intelligence, Robotics, and Computer Vision;Milano;Lombardia;Educazione, Ricerca Applicata / Statistica, Robotica;si, la usa;Computer Vision, Machine/Deep Learning, Robotica/Sistemi Autonomi;;;;;;;;;;;;Politecnico di Torino;Unimore;Università di Parma;Null;Null;Null;Doppione;;;;;;
86;XTN Cognitive Security;Azienda;https://www.xtn-lab.com;Advanced Fraud Detection e Mobile Threat Prevention;Trento;Trentino Alto-Adige;Sicurezza / Cybersecurity;si, la fornisce;Machine/Deep Learning, Sistemi Esperti, Cognitive Cybersecurity;;Fornisco;;Fornisco;;Fornisco;;;;;Fornisco;FBK;Poste Italiane;Axyon;Axyon;Poste Italiane ;Neosurance;;;;;;;
87;Invictus ;Startup;https://invictus.bet;Ai in grado di trasformare il mondo delle scommesse sportive in investimenti;Roma;Lazio;Economia e Finanza / Fintech /Assicurazioni;si, la usa;Machine/Deep Learning;;;;;;;;;;;Utilizzo;Luiss enlabs;Cnr;Nessuna;Università la Sapienza;Pi campus;Nessuno;;;;;;;
88;The Digital Box;Azienda;https://www.thedigitalbox.com;AI powered Mobile Engagement Automation Platform. The digital box fornisce soluzioni di mobile marketing per PMI basate su tecniche di AI per supportare i marketer nella loro attività quotidiana di ottimizzazione del ROI delle campagne;Gioia del Colle (BA);Puglia;Pubblicità / Marketing;si, la usa, si, la fornisce;Elaborazione Linguaggio Naturale, Machine/Deep Learning, Recommender Systems, Chatbot;;;;;;;;;;;Fornisco;Questit srl;Exprivia;Aiia;Exprivia;Eudata;Expert system;;;;;;;
89;Smarthink;Startup;http://www.smarthink.eu;EdTech Startup al femminile nata con lo scopo di creare strumenti tecnologici per il miglioramento dell'apprendimento online degli studenti. ;Busto Arsizio (VA);Lombardia;Educazione;si, la fornisce;Elaborazione Linguaggio Naturale, Machine/Deep Learning, Recommender Systems;;;;;;;;;;;Fornisco;Arcadia;Docebo;non saprei;Arcadia;Docebo;non saprei;;;;;;;
90;ICAR CNR;Centro di Ricerca;https://www.icar.cnr.it/;L’ Istituto di Calcolo e Reti ad Alte Prestazioni del CNR svolge attività di  ricerca, trasferimento tecnologico e alta formazione nell’area dei sistemi intelligenti (sistemi cognitivi, rappresentazione, estrazione e gestione della conoscenza robotica,), e dei sistemi ad alte prestazioni;Napoli, Rende, Palermo;Campania, Calabria, Sicilia;Salute, Sicurezza / Cybersecurity, Smart-Cities;si, la fornisce;Computer Vision, Elaborazione Linguaggio Naturale, Machine/Deep Learning, Robotica/Sistemi Autonomi, Sistemi Esperti;Fornisco;Fornisco;;Utilizzo, Fornisco;Fornisco;Fornisco;;;Utilizzo, Fornisco;;;IBM;NTT Data;CNR;AGID;Accenture;Expert Systems;;;;;;;
91;DEIB Polimi AirLab;Università;http://www.deib.polimi.it/eng/research-lines/details/118;AI and Robotics Lab svolge dal 1973 ricerca su Intelligenza Artificiale (Reasoning, Fuzzy),  Autonomous Robots (Planning, Navigation, Sensing, Human-robot interaction, Bbenchmarking), Machine Learning (Deep, Reinforcement e Bayesian Learning, Neural Networks, Genetic Algorithms) e Artificial Vision.;Milano;Lombardia;Educazione, Ricerca Applicata / Statistica, Robotica;si, la usa, si, la fornisce;Computer Vision, Machine/Deep Learning, Robotica/Sistemi Autonomi, Sistemi Esperti, Computer Games, Human-Computer Interaction, Affective Computing;Utilizzo, Fornisco;Utilizzo;Utilizzo, Fornisco;;;Utilizzo, Fornisco;;;Fornisco;Utilizzo, Fornisco;;Universita' di Roma La Sapienza;MICROSOFT;IBM;ENI;IBM;TIM;Doppione;;;;;;
92;HER;Centro di Ricerca;https://www.he-r.it/;HER, Human Ecosystems Relazioni, è un centro di ricerca privato che raccoglie dati da comunità, territori e organizzazioni, e usa l'Intelligenza Artificiale per elaborarli e renderli più utili e accessibili. HER, porta i risultati nella società creando dei data commons e usando arte e design.;Roma;Lazio;Educazione, Energia, Ricerca Applicata / Statistica, Smart-Cities, cultura, arte, etnografia, antropologia;si, la usa, si, la fornisce;Computer Vision, Elaborazione Linguaggio Naturale, Machine/Deep Learning, Sistemi Esperti;Fornisco;;;;;;;Utilizzo, Fornisco;Utilizzo, Fornisco;;;CINECA;FBK;INGV;CINECA;Musei;Ospedali;;;;;;;
93;KRDB;Centro di Ricerca;http://krdb.eu;The KRDB Research Centre for Knowledge and Data aims at being an international centre of excellence in basic and applied research on Knowledge Representation and Database technologies and at proposing to enterprises innovative ideas and technologies.;Bolzano;Trentino Alto-Adige;Educazione, Ricerca di base e applicata;si, la usa, si, la fornisce;"Elaborazione Linguaggio Naturale, Modellazione concettuale e rappresentazione della conoscenza; Integrazione e accesso intelligente ai dati";;;;;;;;;;;Utilizzo, Fornisco;Università di Roma La Sapienza;Istituto di Scienze e Tecnologie della Cognizione (CNR);FBK-IRST Trento;CELI;Expert System;DtoK Lab;;;;;;;
94;Energy Way;Azienda;https://www.energyway.it/;Energy Way S.r.l. è un'azienda innovativa specializzata nella progettazione e nella vendita di soluzioni innovative per l’analisi di sistemi energetici complessi e l’ottimizzazione e valorizzazione dei flussi energetici delle industrie e delle pubbliche amministrazioni;Modena;Emilia-Romagna;Consulenza;si, la fornisce;Machine/Deep Learning;;;Fornisco;;;;;Fornisco;;;;Expert System;Optit;Rulex;A2A;Enel;Diesel;;;;;;;
95;Regione Marche;PA;http://www.regione.marche.it;La Regione Marche sta avviando il progetto MeetPad: piattaforma progettata per favorire la collaborazione e la gestione di servizi telematici fra diverse PA, nel contesto del post-sisma. Il progetto prevede l'impiego di AI per facilitare il lavoro degli utenti (chatbot, smart search, ecc.);Ancona ;Marche;Ambiente, Agricoltura, Pubblica amministrazione territoriale (regionale e locale), Salute, Smart-Cities, Trasporti;si, la usa;Elaborazione Linguaggio Naturale, Machine/Deep Learning, Chatbot;Utilizzo;;;;;;;;;;Utilizzo, Fornisco;UNICAM;UNIURB;Engineering;ISTAT;UNIPI;CINECA;Doppione;;;;;;
96;Mivoq;Azienda;https://www.mivoq.it;MIVOQ permette a chiunque di creare voci sintetiche personalizzate. Per realizzare una voce sintetica personalizzata, l'utente deve semplicemente leggere e registrare alcune frasi attraverso i server di MIVOQ che creeranno un modello, in formato digitale, della voce dell'autore. ;Padova;Veneto;Informatica e telecomunicazioni;si, la usa;Elaborazione Linguaggio Naturale, Machine/Deep Learning;;;;;;;;;;;Utilizzo, Fornisco;ISTC;FBK;CELI;FBK;OMRON;b10nix;;;;;;;
97;DISI Unitn;Università;http://disi.unitn.it;DIPARTIMENTO DI INGEGNERIA E SCIENZA DELL'INFORMAZIONE, Universita degli studi di Trento;Trento;Trentino Alto-Adige;Educazione;si, la usa, si, la fornisce;Computer Vision, Elaborazione Linguaggio Naturale, Machine/Deep Learning, Recommender Systems, Robotica/Sistemi Autonomi, Sistemi Esperti, Cognitive Cybersecurity;Utilizzo, Fornisco;Utilizzo, Fornisco;Utilizzo, Fornisco;Utilizzo, Fornisco;Utilizzo, Fornisco;Utilizzo, Fornisco;Utilizzo, Fornisco;Utilizzo, Fornisco;Utilizzo, Fornisco;Utilizzo, Fornisco;;Centro Ricerca FIAT;Telecom Italia;Magnetti Marelli;Centro Ricerca FIAT;Telecom Italia;Magnetti Marelli;;;;;;;
98;IBISLAB UniPr;Università;http://ibislab.ce.unipr.it;Laboratorio di sistemi bio-ispirati;Parma;Emilia-Romagna;Educazione, Ricerca Applicata / Statistica, Controllo di qualita' industriale;si, la usa;Computer Vision, Machine/Deep Learning, Evolutionary Computation;Fornisco;;;;Fornisco;Fornisco;;;;;Fornisco;CAMLIN Italy;Vislab/Ambarella;IBM Italia;CAMLIN Italy;Google Italia;IBM Italia;;;;;;;
99;DLV System;Azienda;http://www.dlvsystem.com;La principale missione della società è lo svolgimento di attività di ricerca e sviluppo per l’estensione e l’ingegnerizzazione del sistema DLV, al fine di consentire la distribuzione industriale di DLV e delle sue applicazioni  nel mercato del Knowledge Management;Rende (CS);Calabria;Bioinformatica, Energia, Robotica, Salute, Smart-Cities, Trasporti, La tecnologia DLV è general purpose, facilmente verticalizzabile in diversi domini applicativi;si, la fornisce;Knowledge Representation and Reasoning, Answer Set Programming, Logica Deduttiva; ;;Fornisco;Fornisco;Fornisco;;;Fornisco;Fornisco;;Fornisco;ELIF Lab;Exeura Srl;Università della Calabria;ELIF Lab;Rulex Analytics;Google ;;;;;;;
100;LIS UniPmn;Università;http://www.di.unipmn.it/en/research-en/labs-en/lis-en.html;Laboratorio di Sistemi Intelligenti, nella Sezione di Informatica del Dipartimento di Scienze e Innovazione Tecnologica. Comprende 7 docenti e ricercatori che svolgono attività nel settore dell’intelligenza artificiale;Alessandria;Piemonte;Educazione, Ricerca di base ed applicata;si, la fornisce;"Machine/Deep Learning, Rappresentazione della conoscenza e ragionamento con formalismi logici (logiche descrittive non monotone, answer set programming); a vincoli temporali; probabilistici (reti bayesiane); CBR."; ;;;;;;;;;;Utilizzo;Dedagroup, Tortona;Celi, Torino; AddFor, Torino;IBM Cognitive Solutions;Ferrero;ORS srl;;;;;;;
101;Datamantix;Azienda;http://www.datamantix.it;Datamantix progetta e sviluppa soluzioni innovative per facilitare attività strategiche e knowledge-intensive quali la pianificazione, il controllo della qualità, il monitoraggio, la previsione e l'ottimizzazione.;Udine;Friuli Venezia Giulia;Ricerca Applicata / Statistica;si, la fornisce;Computer Vision, Elaborazione Linguaggio Naturale, Machine/Deep Learning, Recommender Systems, Chatbot;Utilizzo, Fornisco;;Fornisco;;;;;Fornisco;;;;Kaitiaki;Orobix;IT+Robotics;Kaitiaki;Orobix;IT+Robotics;;;;;;;
102;Semeion;Centro di Ricerca;http://www.semeion.it;Il Centro Ricerche Semeion è un Ente Scientifico non profit fondato nel 1985, dal 1991 è riconosciuto giuridicamente dal Ministero dell’Istruzione, Università e Ricerca (MIUR). Svolge attività di ricerca nel campo dell’AI da 30 anni, ha sviluppato algoritmi intelligenti e depositato 25 brevetti.;Roma;Lazio;Ambiente, Agricoltura, Economia e Finanza / Fintech /Assicurazioni, Militare, Pubblica amministrazione centrale, Pubblica amministrazione territoriale (regionale e locale), Ricerca Applicata / Statistica, Salute, Sicurezza / Cybersecurity;si, la usa, si, la fornisce;Machine/Deep Learning, Cognitive Cybersecurity;Utilizzo, Fornisco;;;Fornisco;Fornisco;;;Fornisco;;;Fornisco;Expert System S.p.A.;INGV Istituto Nazionale di Geofisica e Vulcanologia;Engineering S.p.A.;IIT Istituto Italiano di Tecnologia;Google Italia;IASI - CNR;;;;;;;
103;PraLab UniCa;Università;http://pralab.diee.unica.it/;"Pattern Recognition and Applications Lab (PRA Lab): gruppo di ricerca dell'Università di Cagliari attivo da oltre venti anni nello sviluppo di metodologie di ""pattern recognition"", con applicazioni alla videosorveglianza, sicurezza informatica, biometria, classificazione di documenti.";Cagliari;Sardegna;Sicurezza / Cybersecurity, Gruppo di ricerca universitario;si, la fornisce;Computer Vision, Machine/Deep Learning;Fornisco;Fornisco;;Fornisco;;Fornisco;Fornisco;;;;Fornisco;Pluribus One (spin-off del PRA Lab), https://www.pluribus-one.it;Engineering (http://www.eng.it);Expert Systems (http://www.expertsystem.com/it);Istituto Italiano di Tecnologia (IIT);-;-;;;;;;;
104;HitBytes;Startup;https://hitbytes.io;Startup operante nel mondo del machine learning ed intelligenza artificiale a supporto della customer relationship, marketing automation e customer service multi-piattaforma con particolare focus sui sistemi di messaggistica istantanea;Milano;Lombardia;Economia e Finanza / Fintech /Assicurazioni, Educazione, Pubblica amministrazione centrale, Pubblica amministrazione territoriale (regionale e locale), Pubblicità / Marketing, Salute, Smart-Cities, Trasporti, Customer Services;si, la usa;Elaborazione Linguaggio Naturale, Machine/Deep Learning, Recommender Systems, Chatbot;;;;;;;;;Utilizzo;;Utilizzo;Open Search;Carbrain;Istat;SEA (Società Esercizi Aeroportuali);AIFA (Agenzia italiana del farmaco);Trenitalia;;;;;;;
105;IT Logix;Azienda;http://www.itlogix.it;ITLogiX è operativa nei settori ITC, della formazione e dei sistemi informatici, elettronici e robotici avanzati.  La mission è la progettazione e realizzazione di sistemi avanzati di integrazione delle tecnologie elettroniche ed informatiche con l’obiettivo di semplificare i processi di business.;Viterbo;Lazio;Ambiente, Agricoltura, Bioinformatica, Educazione, Pubblica amministrazione territoriale (regionale e locale), Robotica;si, la usa, si, la fornisce;Computer Vision, Elaborazione Linguaggio Naturale, Machine/Deep Learning, Robotica/Sistemi Autonomi, Sistemi Esperti;Utilizzo, Fornisco;;Fornisco;;;Fornisco;;Fornisco;Fornisco;;;agilelab;datalytics;cogisen;it+robotics;braincontrol;userbot;;;;;;;
106;AGS;Azienda;https://www.ags-it.com/;"AGS è un’azienda Italiana fondata nel 1998 che offre servizi e soluzioni informatiche e tecnologiche innovative. Nata come azienda di Consulenza IT, negli anni AGS ha ampliato la propria expertise anche in ambiti quali l’Internet of Things, Soluzioni VAS e Intelligenza Artificiale.
";Pero (MI);Lombardia;Economia e Finanza / Fintech /Assicurazioni, Ricerca Applicata / Statistica, Robotica;si, la usa, si, la fornisce;Computer Vision, Elaborazione Linguaggio Naturale, Machine/Deep Learning;Utilizzo, Fornisco;Utilizzo, Fornisco;Utilizzo, Fornisco;;;;;;;;;NVIDIA;HP;https://namu.io/;https://www.add-for.com/;http://www.innaas.com/;https://www.rulex.ai/;;;;;;;
107;E-land / E-Puma;Azienda;http://www.e-puma.it;e-land è specializzata in soluzioni di KM basate su tecniche avanzate di AI e di information retrieval. e-land ha creato PUMA, un full semantic engine finalizzato all'analisi, alla classificazione e alla condivisione del patrimonio conoscitivo di organizzazioni pubbliche o private;Reggio Emilia;Emilia-Romagna;Automotive, Economia e Finanza / Fintech /Assicurazioni, Educazione, Energia, Pubblica amministrazione centrale, Pubblica amministrazione territoriale (regionale e locale), Pubblicità / Marketing, Salute, Smart-Cities, Trasporti;si, la fornisce;Elaborazione Linguaggio Naturale, Chatbot;Utilizzo;;Utilizzo;Utilizzo;;;Fornisco;;;;Fornisco;Noovle;Docdelta;Veneto Lavoro;cnr;università di bologna;Inps;;;;;;;
108;E4 Computer engineering;Azienda;http://www.e4company.com;Azienda italiana storicamente ambito HPC, propone soluzioni per IA (infrastruttura) sia x86, che IBM POWER che NVIDIA. ;Scandiano (RE);Emilia-Romagna;IT ;si, la fornisce;Computer Vision, Elaborazione Linguaggio Naturale, Machine/Deep Learning, Recommender Systems, Robotica/Sistemi Autonomi, Sistemi Esperti, Chatbot, Cognitive Cybersecurity, Infrastruttura per IA ;Fornisco;Fornisco;Fornisco;Fornisco;Fornisco;Fornisco;Fornisco;Fornisco;Fornisco;Fornisco;Fornisco;Addfor;Axyon;Energy way;Generali ;Accenture;Banca D'Italia;;;;;;;
109;GIS Data;Azienda;http://www.gisdata.it;Azienda che attraverso il prodotto METIS, utilizza IA per produrre soluzioni che migliorano il dispatching di flussi di ticket manutentivi in diversi campi (settore petrolifero, pubblica amministrazione, società utility).;Savona;Liguria;Energia, Pubblica amministrazione territoriale (regionale e locale), Smart-Cities, Trasporti;si, la usa, si, la fornisce;Computer Vision, Machine/Deep Learning;Utilizzo;;Utilizzo, Fornisco;;;;;;;;;Google Cloud Platform;Amazon Web Services;Olivetti;Olivetti;Nami Lab;Namu;;;;;;;
110;NITE;Azienda;http://www.nitesrl.com;Natural Intelligent Technologies srl è uno spin off dell'Università di Salerno che fornisce tecnologie software innovative e soluzioni brevettate avanzate nel settore dell'elaborazione automatica dei documenti digitali manoscritti. ;Fisciano (SA);Campania;Gestione Documenti;si, la fornisce;Computer Vision, Machine/Deep Learning;Fornisco;Fornisco;;;;;;;;;;CeLi;Expert Systems;AGS spa;Poste Italiane;Fiat;UniCredit;;;;;;;
111;Pikkart;Startup;http://www.pikkart.com;Pikkart srl è una startup innovativa che sviluppa App e soluzioni innovative utilizzando le più evolute tecnologie digitali, come Realtà Aumentata (AR), Artificial Intelligence (AI), Deep Learning (DL) e Computer Vision (CV).;Modena;Emilia-Romagna;Pubblicità / Marketing, Industria 4.0;si, la fornisce;Computer Vision, Machine/Deep Learning;Utilizzo, Fornisco;Fornisco;Fornisco;;;Fornisco;;;Fornisco;;Fornisco;AimageLab (Università degli studi di Modena e Reggio Emilia);Axyon.ai;IBM Italia;Amazon Italia;AddFor;xSense;;;;;;;
112;News.srl;Azienda;https://www.news.srl/;Online Magazine sul panorama digitale;Milano;Lombardia;Stampa;;;;;;Fornisco;;;;;Fornisco;;;Energy Way srl;Buzzoole;Kaitiaki;Task Force IA (Agid);Checkout Technologies;INNAAS;;;;;;;
113;Bioretics;Azienda;http://www.bioretics.com;Azienda che opera nel campo della visione artificiale utilizzando sistemi di deep & machine learning per la creazione di software dedicati all'industria e al biotech;Cesena (FC);Emilia-Romagna;Ricerca Applicata / Statistica, ICT;si, la usa, si, la fornisce;Computer Vision, Machine/Deep Learning;Utilizzo, Fornisco;;Fornisco;;Utilizzo, Fornisco;;;;Fornisco;;;Orobix;AddFOR;Vision Device;LoopAI;Reveal;Sens;;;;;;;
114;Mantica;Azienda;http://www.mantica.com;Ha realizzato e distribuisce una piattaforma end-to-end per la produzione di modelli predittivi (Advanced Analytics) basata su Machine Learning - Reti Neurali Artificiali e Algoritmi. Agnostica alle fonti dati, i Modelli di Apprendimento sono immediatamente integrabili nelle Business Application;Roma;Lazio;Automotive, Economia e Finanza / Fintech /Assicurazioni, Energia, Pubblica amministrazione centrale, Pubblica amministrazione territoriale (regionale e locale), Pubblicità / Marketing, Ricerca Applicata / Statistica, Salute, Sicurezza / Cybersecurity;si, la fornisce;Machine/Deep Learning, Recommender Systems, Sistemi Esperti, Cognitive Cybersecurity;;;;Fornisco;;;Fornisco;;Fornisco;;Fornisco;DIET - Università Sapienza Roma;Amazon AWS - Italia;Crif SpA;DeepCyber srl;Banche - Assicurazioni - Telco;Università;;;;;;;
115;GeCo;Azienda;http://www.ge.co.it;Artigiani dell'informatica: Soluzioni per la logistica dei trasporti, Ricerca applicata, Sistemi distribuiti, Centro di eccellenza sviluppo web, Centro di competenza Drupal. ;Genova ;Liguria;Ricerca Applicata / Statistica, Sicurezza / Cybersecurity, Trasporti;si, la usa;Machine/Deep Learning, Sistemi Esperti;;;Utilizzo, Fornisco;;;;;;Utilizzo;;;IBM Watson;CNR-IMATI;DAF - Data & Analytics Framework (AGID);DAF;GED Transport;Voltri Terminal Europa;;;;;;;
116;Wunderman;Azienda;http://www.wunderman.com;Agenzia di comunicazione integrata, marketing relazionale e consulenza digitale;Milano, Roma;Lombardia, Lazio;Bioinformatica, Pubblicità / Marketing, Ricerca Applicata / Statistica, Robotica, Salute, Sicurezza / Cybersecurity, Smart-Cities;si, la usa, si, la fornisce;Computer Vision, Elaborazione Linguaggio Naturale, Machine/Deep Learning, Recommender Systems, Robotica/Sistemi Autonomi, Sistemi Esperti, Chatbot, Cognitive Cybersecurity, Marketing Automation;Fornisco;Fornisco;Fornisco;Fornisco;Fornisco;Fornisco;;Fornisco;Fornisco;Fornisco;Fornisco;Università di Bolzano;WPP;Possible;.;.;.;;;;;;;
117;KMLE - Konica Minolta;Azienda;http://research.konicaminolta.eu/;KMLE è il Laboratorio Europeo di Ricerca e Sviluppo di Konica Minolta, multinazionale giapponese leader nei settori della stampa, dei sistemi diagnostici e dell'industrial sensing. Contribuisce alla creazione di nuove soluzioni ICT, futuri prodotti e servizi di Konica Minolta.;Roma;Lazio;Ricerca Applicata / Statistica, Robotica, Salute, Sicurezza / Cybersecurity;si, la usa, si, la fornisce;Computer Vision, Elaborazione Linguaggio Naturale, Machine/Deep Learning, Recommender Systems, Robotica/Sistemi Autonomi, Cognitive Cybersecurity;Utilizzo, Fornisco;Utilizzo, Fornisco;Utilizzo, Fornisco;Utilizzo, Fornisco;Utilizzo, Fornisco;Utilizzo;;Utilizzo, Fornisco;Utilizzo, Fornisco;;;IIT;MAPS Group s.r.l.;Rulex;Universita' La Sapienza di Roma;Universita' degli Studi di Genova;Universita' di Firenze;;;;;;;
118;Modelway;Azienda;http://modelway.it/;Modelway sviluppa servizi di software ingegneristico nel campo dell'Identificazione, Predizione e Controllo Automatico untilizzando metodi di Intelligenza Artificiale. Le applicazioni di Modelway permettono di estrarre informazioni dati dati di sistema, miglorandone la gestione ed il controllo.;Torino;Piemonte;Ambiente, Automotive, Energia, Industria di precisione, Robotica, Trasporti, Aerospazio;si, la usa, si, la fornisce;"Machine/Deep Learning, Sistemi Esperti, Sensori Virtuali; Modelli Predittivi";;;Fornisco;;Fornisco;Fornisco;;Fornisco;Utilizzo, Fornisco;Fornisco;Fornisco;AizoOn;Politecnico di Torino;STmicroelectronics;Google Italia;Amazon Italia;Neosurance;;;;;;;
119;Holsys;Startup;http://www.holsys.com;Holsys ha sviluppato olOne, uno strumento che automaticamente realizza applicazioni di intelligenza artificiale a partire dai flussi di dati provenienti da sensori, in grado di essere eseguita autonomamente su ogni tipo dispositivo.;Taranto;Puglia;ICT;si, la fornisce;Machine/Deep Learning, Sistemi Esperti, Holonic technology - sviluppata dalla Holsys S.r.l.;Fornisco;;Fornisco;;Fornisco;Fornisco;;Fornisco;Fornisco;Fornisco;;Politecnico di Bari;Università degli studi di Milano;Exprivia;INGV;Exprivia;Università degli studi di Milano;;;;;;;
120;Eti3;Startup;http://www.eti3.it/;ETI3 è una startup umbra con la mission di realizzare servizi di big data analysis documentale che permettano di conseguire un effettivo valore di knowledge awareness. SemplicePA, una piattaforma di data extraction, semantic e artificial intelligence, rappresenta il frutto della nostra ricerca.;Città di Castello (PG);Umbria;Smart-Cities;si, la fornisce;Elaborazione Linguaggio Naturale, Machine/Deep Learning;;;;;;;;;;;Utilizzo;Travel Appeal s.r.l. ;Gruppo Meta s.r.l.;UniPI - CoLingLab;Expert System s.p.a.;Dedagroup s.p.a.;JEF s.r.l. ;;;;;;;
121;Engineering;Azienda;http://www.eng.it;Centro di Competenza Data & Analytics di Engineering. Il CdC disegna sistemi per varie finalita' analitiche: descrittive, predittive, digagnostiche e prescrittive, e sono realizzati in ambiente open source o con prodotti commerciali.;Roma;Lazio;Informatica;si, la fornisce;Computer Vision, Elaborazione Linguaggio Naturale, Machine/Deep Learning, Recommender Systems, Robotica/Sistemi Autonomi, Sistemi Esperti, Chatbot, Cognitive Cybersecurity;Fornisco;Fornisco;Fornisco;Fornisco;Fornisco;;;Fornisco;;;;Expert Systems;Trento RISE;Semeion Centro Ricerche di Scienze della Comunicazione;Expert Systems;Trento;Semeion Centro Ricerche di Scienze della Comunicazione;;;;;;;
122;Toc Toc;Startup;https://www.toctoc.me/;TocToc, startup ICT, focalizza il proprio business sul Cliente, ponendo la Persona al centro delle Relazioni. Sviluppa soluzioni di Web Engage, Identification and Sale per aiutare le imprese e la PA ad ottimizzare servizi, semplificare procedure, offrire online prodotti e servizi a valore aggiunto.;Roma;Lazio;ICT, Information Communication Technology;si, la fornisce;Chatbot;;;;;;;;;;;Fornisco;Inventia;LiveHelpIT;Customerly;Inventia;Eni;Axelero;;;;;;;
123;Cedat85;Azienda;http://www.cedat85.com;Cedat 85 è specializzata nell’elaborazione di contenuti provenienti dal parlato e nello sviluppo delle tecnologie per il trattamento automatico del segnale vocale: riconoscimento del parlato spontaneo (Automatic Speech Recognition) e verifica, identificazione della voce (Speaker Recognition).;Roma, S.Vito Normanni (BR), Padova;Lazio, Puglia, Veneto;Pubblica amministrazione centrale, Pubblica amministrazione territoriale (regionale e locale), Sicurezza / Cybersecurity, Smart-Cities, Media - Call Center - IT - Professional Services;si, la usa, si, la fornisce;Elaborazione Linguaggio Naturale, Chatbot;;Fornisco;;;;;;;;;Utilizzo, Fornisco;Eudata;Expert System;Userbot;NA;NA;NA;;;;;;;
124;Dip. Informatica - UniTO;Università;http://beta.di.unito.it/index.php/italiano/ricerca/gruppi/ai/presentazione;Gruppo di ricerca attivo su diverse tematiceh di Intelligenza Artificiale fin dagli anni 70. Competenze ed esperienze sia metodologiche che applicativi (numerosi progetti internazionali, nazionali e con aziende) su diversi temi, come evidenziato dalla pagina web;Torino;Piemonte;Automotive, Bioinformatica, Educazione, Pubblica amministrazione territoriale (regionale e locale), Ricerca Applicata / Statistica, Robotica, Smart-Cities;si, la usa, si, la fornisce;Computer Vision, Elaborazione Linguaggio Naturale, Machine/Deep Learning, Recommender Systems, Robotica/Sistemi Autonomi, Sistemi Esperti;Fornisco;Fornisco;;;Fornisco;Fornisco;;Fornisco;Fornisco;;;Telecom Italia;FCA;Alenia;Enel;Eni;RAI;;;;;;;
125;ILC CNR;Centro di Ricerca;http://www.ilc.cnr.it/;L’ILC-CNR svolge attività di ricerca, di valorizzazione e trasferimento tecnologico e di formazione in settori scientifici strategici della Linguistica Computazionale, combinando ricerca di base e ricerca applicata, all’interno di un circolo virtuoso con ricadute significative sulla società. ;Pisa, Genova;Toscana, Liguria;Ambiente, Smart-Cities;si, la fornisce;Elaborazione Linguaggio Naturale, Machine/Deep Learning;;;;;;;Fornisco;;;;Fornisco;Expert System;IBM;Almawave ;IBM;Google;Expert System;;;;;;;
126;Regione Marche;PA;http://www.regione.marche.it;Giunta Regione Marche - Servizio risorse umane, strumentali, organizzative - PF Informatica e Crescita Digitale;Ancona;Marche;Pubblica amministrazione territoriale (regionale e locale);si, la usa;Elaborazione Linguaggio Naturale, Machine/Deep Learning, Chatbot;;Utilizzo;Utilizzo;;;;;;;;Utilizzo;Sei consulting Spa;Università di Camerino - scuola di scienze e tecnologie;Engineering ingegneria informatica spa;Associazione Italiana per l'intelligenza Artificiale AIxIA;Grottini Lab srl;Tangramob;Doppione;;;;;;
127;Gellify;Acceleratore;https://www.gellify.com/;GELLIFY è la prima piattaforma di innovazione B2B e company builder in grado di connettere le start-up software digital alle aziende tradizionali. GELLIFY garantisce accesso a investimenti, competenze e network, fattori chiave che abilitano la crescita delle start-up.;Casalecchio di Reno (BO), Milano;Emilia-Romagna, Lombardia;"Economia e Finanza / Fintech /Assicurazioni, Industria di precisione, Sicurezza / Cybersecurity, Industria 4.0; Fintech; Artificial Intelligence";si, la usa, si, la fornisce;Elaborazione Linguaggio Naturale, Machine/Deep Learning, Recommender Systems;;;Fornisco;Fornisco;;;;;Fornisco;Fornisco;Fornisco;Finscience;Cyber Dyne ;Beaconforce;e-Novia ;Deus Technology ;Certigo ;;;;;;;
